Protein_ID,log2FoldChange,padj,Gene_id
479338,-1.37390036018038,1.45647019886989E-21,gene_1018
479521,-1.33793701207685,3.33325396024993E-44,gene_1061
479522,-1.13325219899691,3.26438085387749E-22,gene_1062
53482,-1.07776015318608,1.26364709012021E-28,gene_1085
480064,-1.81086232599218,1.26140332676943E-24,gene_1225
63929,-1.16625528642448,3.27470550930319E-18,gene_1293
480527,-1.57547552999946,3.54819191862794E-34,gene_1372
480781,-1.27629853289227,1.34095216494571E-68,gene_1446
504211,-2.0366451432632,0,gene_1491
538108,-1.06614917191012,1.31173488165602E-22,gene_1505
476343,-1.16760667857616,1.62091938430331E-13,gene_159
481551,-2.49086816023783,1.12486755482385E-139,gene_1682
481615,-2.08819892155873,7.7734650633613E-47,gene_1702
435200,-1.04170124247282,6.16150605211509E-56,gene_1719
168653,-1.57424949681999,1.30877686123001E-65,gene_1823
482143,-1.22130088800201,1.36057543478754E-70,gene_1851
171038,-1.322538442405,1.37606204903205E-36,gene_1867
538438,-1.09090028312183,1.11560945413833E-15,gene_1879
461134,-1.17615151591475,2.11398914856192E-20,gene_1908
461149,-2.1815999251542,2.93982634494307E-196,gene_1916
482424,-1.60865719352348,4.14656478102433E-35,gene_1932
174669,-5.06633146247665,5.04191648347138E-20,gene_1958
450402,-1.67417987526651,0,gene_1960
450436,-1.66391129875088,1.83060943225767E-78,gene_1988
461263,-1.69643119115306,1.18591625428583E-46,gene_2012
482667,-1.48465147147227,5.74824788287341E-07,gene_2016
435300,-2.02537551849586,8.42256977683504E-19,gene_2082
179384,-2.31548258708618,1.79476093981424E-27,gene_2083
482862,-1.22040639238215,6.30803499630648E-18,gene_2087
475891,-1.08653918973446,3.92567537286051E-07,gene_21
471269,-1.19570010881877,4.8122577939394E-17,gene_2111
482986,-1.02167583358779,1.26098507852363E-38,gene_2127
483232,-1.3700108653526,2.05184012159658E-50,gene_2192
185921,-1.27289936572124,2.33530069714312E-116,gene_2200
185631,-1.45686007855274,3.79125906404244E-220,gene_2201
508932,-1.04036621652508,1.51117434762102E-36,gene_2204
186491,-1.06012629054353,2.28525698400888E-16,gene_2218
436453,-1.19897449923301,6.50175883072694E-140,gene_2227
538760,-3.61268303538985,0,gene_2263
471404,-5.90458357160455,3.8872572184633E-284,gene_2278
538818,-1.25030744222858,1.67825040702674E-10,gene_2332
191822,-1.08021114762327,1.28184821699298E-74,gene_2340
471532,-1.45880922363401,1.85115244035319E-16,gene_2440
484052,-1.14504905923313,4.79905473641501E-21,gene_2441
476714,-1.18464648802014,3.41674154593258E-07,gene_248
484239,-1.68831481003121,6.53802494141574E-26,gene_2501
451122,-1.49928014548411,1.57677795366516E-26,gene_2517
436112,-1.01845967339696,1.21070445154172E-15,gene_2522
200539,-1.22801394037233,1.74603708533226E-88,gene_2532
200583,-1.92909666554138,2.46411589284702E-20,gene_2533
484352,-1.44453195663617,1.71426358065932E-82,gene_2536
484377,-1.01279534821873,1.94287989739323E-26,gene_2547
471617,-1.07280477589258,2.42060786519767E-50,gene_2555
484425,-1.16907631163512,1.58686777823029E-60,gene_2563
484474,-2.49754388287968,8.62622290412181E-76,gene_2577
484491,-1.11307539452897,5.2711197590258E-12,gene_2582
509293,-1.0827377716317,2.25588160667296E-09,gene_2605
539074,-1.22722162086951,7.59540026995297E-16,gene_2617
484648,-1.83432823466056,7.01258991642648E-07,gene_2631
484724,-1.09025337548287,1.02689354301639E-124,gene_2652
484765,-2.02295725195291,2.30199199272306E-43,gene_2666
484814,-1.2679700684065,6.40366948219658E-57,gene_2678
539149,-1.04896309885798,4.78883947955006E-11,gene_2710
534687,-2.20869045644096,5.61252282480244E-39,gene_2713
484931,-1.26577253719993,4.99884377820219E-22,gene_2715
210209,-1.24566731267169,3.14822083846175E-12,gene_2739
539178,-1.0972766336976,2.24561724271437E-15,gene_2745
485018,-1.3750753824068,7.96765039183502E-28,gene_2747
485175,-1.8663700007901,5.70627649972686E-91,gene_2790
485289,-1.01939488926536,4.83530913832657E-26,gene_2815
485315,-2.01807998824854,1.13484290765898E-124,gene_2824
485479,-1.13826466652682,5.594814490484E-15,gene_2869
431716,-1.06429846752748,2.45881805748788E-49,gene_2908
471933,-1.22943558379793,7.87739997725911E-05,gene_2954
436451,-1.3890858262015,0.000253863514729,gene_2961
485861,-1.28000179020598,4.16762642083126E-09,gene_2978
545536,-1.6205183410467,7.23838286325983E-49,gene_2999
451770,-1.3504057512107,5.86408542515215E-34,gene_3048
14588,-1.76333401158644,0,gene_307
476915,-1.04378173866967,1.3311126857827E-39,gene_311
504802,-1.54064765936188,1.41049073101499E-30,gene_3131
229375,-1.81133707106929,1.28544424717527E-161,gene_3134
451850,-2.8151056482837,4.65704426144784E-68,gene_3135
486541,-2.20988671804831,1.05544553097026E-91,gene_3164
486543,-1.20273844753874,2.59122881304914E-43,gene_3165
233019,-2.50793940907478,2.58037215689642E-71,gene_3196
486771,-1.35676146048005,2.40970877604429E-74,gene_3225
543643,-1.33765064255035,9.52290421205302E-141,gene_324
486913,-1.48254148360635,1.56254771346313E-30,gene_3244
462812,-1.68829084815967,1.28120426401E-53,gene_3263
509911,-1.10354920764375,3.87670646880025E-23,gene_3285
239725,-1.55762615592948,7.49797980994019E-26,gene_3289
487303,-1.18517551583667,1.93768770133824E-16,gene_3358
487313,-1.0972834364232,4.29943146527494E-34,gene_3362
487323,-2.50125198329875,4.58907811709633E-151,gene_3365
487413,-2.148568289231,1.98721108804716E-42,gene_3396
539738,-1.17642784481463,3.14556474618291E-23,gene_3407
487471,-1.11047028635764,9.68885771558774E-21,gene_3418
452245,-1.76348248931574,5.27427551694206E-68,gene_3451
247650,-2.40251793295946,5.48064827400821E-41,gene_3492
487747,-2.35606797939223,8.55758798526509E-97,gene_3505
251548,-1.76398677242692,1.56753183125397E-14,gene_3566
251553,-2.03082275049135,8.29963846142895E-20,gene_3567
488095,-1.30143227809343,6.12733137081409E-21,gene_3608
488243,-2.71904817212395,0,gene_3663
488415,-1.00634594617907,3.08517880948986E-08,gene_3706
535042,-1.57437749575775,1.11695963816891E-162,gene_3716
488485,-3.59722088718607,1.73236418291891E-95,gene_3736
488500,-1.74212281776448,4.41079928221E-76,gene_3741
18376,-1.99568529499838,1.97287379647961E-13,gene_380
488765,-1.77218982600425,1.05005334798256E-59,gene_3808
263082,-1.52163529565079,1.80895052401409E-11,gene_3842
438142,-1.26668921698619,1.0685433338012E-17,gene_3862
526601,-1.58731915835365,6.00897472393414E-05,gene_3875
264447,-1.12741777727456,7.51002289275599E-71,gene_3876
489236,-1.52051204937669,1.64672843077819E-56,gene_3969
546211,-1.10723744541124,3.79172408968281E-88,gene_3972
438493,-1.14048067942645,7.21333996105169E-07,gene_4006
540265,-1.0197996704474,4.83736935868943E-13,gene_4013
489449,-1.11391115358272,1.17288960063433E-38,gene_4024
489460,-2.14263965564652,5.9905331771493E-93,gene_4029
477349,-1.45991289827314,1.18970197211985E-20,gene_404
438635,-2.87845806052417,3.30073369889704E-291,gene_4071
490232,-1.49458791668707,4.57345747059275E-80,gene_4223
540450,-1.156432680324,2.65304034725943E-11,gene_4225
287012,-1.69843166707352,1.86801985762298E-25,gene_4269
438449,-1.24510427462689,1.77781016825895E-44,gene_4301
477422,-1.10128092692028,1.02928487411444E-08,gene_431
490583,-2.05093199543297,1.81663230240706E-24,gene_4319
490627,-1.15195175035159,1.082866364501E-129,gene_4325
505271,-1.20582466873293,1.20051290524691E-08,gene_4352
491498,-1.36456847058413,1.99014665836585E-36,gene_4577
477510,-1.28137124476103,3.23808719171483E-27,gene_458
491608,-1.16658024996136,2.40668213710209E-21,gene_4610
546706,-1.04124448707524,4.19750531904631E-12,gene_4660
453963,-1.14247649338191,6.04628723923458E-17,gene_4670
491829,-1.6490455271093,6.76528646857394E-51,gene_4672
546719,-1.10000938125025,9.34459817108969E-18,gene_4679
439189,-1.08930726265793,2.01952047192642E-19,gene_4788
492304,-1.81245326794088,1.13827207305913E-90,gene_4819
492360,-1.03583947672485,2.24931799951803E-11,gene_4834
492427,-1.22872891588613,2.17504223149162E-08,gene_4849
492483,-1.48002382229798,1.48559614489571E-64,gene_4863
492599,-1.16916503535183,1.8660543211137E-17,gene_4894
315141,-2.22831304241735,2.60888035409412E-42,gene_4901
315259,-1.26489910032704,6.09669305209576E-158,gene_4910
315262,-1.04251009832528,8.0959544312926E-33,gene_4911
511418,-1.05479032762017,7.34007442714505E-98,gene_4968
492908,-1.67952364265043,1.79643552618523E-131,gene_4978
320532,-1.31515892479977,5.19366742537153E-17,gene_4987
493108,-1.83269929374171,3.75366813733715E-41,gene_5039
473590,-1.14508087525631,6.15396050155023E-35,gene_5076
493242,-1.54745119552328,7.00200382188794E-20,gene_5084
473614,-1.05681138080772,5.3311040051815E-37,gene_5107
465499,-1.48249710008538,6.99738549387513E-58,gene_5119
465504,-1.18133817111789,2.84964104360712E-146,gene_5121
440490,-1.71918293799663,2.16637338801982E-18,gene_5142
493510,-1.43408569327827,2.51492557685023E-129,gene_5170
493527,-1.23305625374833,2.10978637923565E-15,gene_5174
493623,-1.78832006578127,2.3903148588831E-23,gene_5202
493652,-1.57067114216163,1.86395613378467E-19,gene_5210
336144,-2.48112037075561,2.06898385673376E-162,gene_5292
493994,-2.35074343385754,3.944830868467E-42,gene_5301
494268,-1.24967890677067,1.65635601617726E-51,gene_5361
494295,-1.53101426746392,1.16189253716348E-30,gene_5375
511782,-1.2798743627915,1.33797757870272E-35,gene_5378
547225,-2.74205371627413,1.02529126609334E-49,gene_5379
494306,-1.43399944292684,4.56101343776845E-11,gene_5380
434519,-1.22992652304929,2.60215500079547E-12,gene_540
343415,-1.91852043263191,3.53545480758567E-31,gene_5420
343552,-1.07831010421215,2.66769625558043E-38,gene_5423
440118,-1.22759410610031,1.32169769524222E-50,gene_5475
346524,-1.49771832978574,2.42825324844924E-50,gene_5476
494674,-2.34446041607705,8.20944810522483E-26,gene_5483
347512,-1.326515447918,2.98314198720945E-121,gene_5492
494782,-1.78223593677758,9.07087355207647E-25,gene_5503
494802,-1.6091823091379,1.98395575312089E-16,gene_5511
541602,-1.33675713764767,7.51484611315695E-84,gene_5620
455650,-1.21496479998312,2.59193380765427E-205,gene_5621
515432,-1.33769427589804,8.821390871702E-51,gene_572
455874,-1.24670803245968,8.85912574606158E-70,gene_5747
495693,-1.15716951547626,2.32217826276568E-21,gene_5748
466746,-2.26814620817474,7.79523516192659E-124,gene_5820
512195,-1.36921071697495,4.2362437618927E-32,gene_5824
365331,-1.47863335254607,1.89893839479023E-12,gene_5828
368159,-1.68896465992771,1.30862367698828E-19,gene_5879
496105,-3.00136658939622,1.41580189597218E-40,gene_5881
368968,-1.2185483705865,1.70249823043413E-42,gene_5905
496176,-2.10127070105559,4.72557816939549E-22,gene_5911
496228,-1.00974998641976,1.32244043601544E-22,gene_5930
496237,-1.01664901543802,3.27940580280591E-16,gene_5933
496495,-2.00831357180109,6.70430905743624E-76,gene_6008
512371,-1.06184012952606,1.15506358015299E-24,gene_6023
467115,-2.10732780126797,9.75201266339499E-68,gene_6062
542018,-2.92251671078736,5.57591578357497E-71,gene_6098
512494,-2.08389512976706,4.75981399473801E-67,gene_6158
497105,-1.30856265356778,1.9246488282531E-118,gene_6196
381810,-1.07973651372587,7.50727171624471E-48,gene_6210
442283,-2.0299658919263,7.57678212037017E-69,gene_6227
384387,-1.03998300363909,1.10785205840843E-10,gene_6262
456667,-1.13287639163896,1.29079937208651E-12,gene_6266
497532,-1.2963011357896,1.83815425859386E-19,gene_6310
497663,-1.34840138895202,2.19815665137315E-23,gene_6355
497736,-1.72298915832623,2.56860227871932E-200,gene_6380
476044,-1.38619243299839,8.28654001038475E-86,gene_64
542305,-1.02322305887923,3.02694063166975E-19,gene_6439
478135,-1.65664051623082,7.61420758458895E-60,gene_644
478138,-1.21821600508709,1.59973006580577E-18,gene_645
442885,-1.07475547012914,1.29109182443439E-20,gene_6467
67269,-1.73947210925888,2.08272552770743E-20,gene_6503
498311,-1.71051043753945,9.56044399980223E-39,gene_6523
498380,-1.00311476399897,1.00301596138496E-22,gene_6544
459801,-1.93801945146621,1.28697239677521E-50,gene_657
467906,-1.48796932842435,5.66375654856314E-35,gene_6611
457171,-1.0505166010277,1.61264409895806E-53,gene_6615
506463,-1.18368777213509,5.96283658989202E-14,gene_6642
75083,-1.11304822449827,0.002451943451339,gene_6654
498906,-1.54257016019516,3.09130121601042E-22,gene_6682
478199,-1.04462700993537,7.1007529040396E-24,gene_670
499063,-1.0620372271187,1.7854129396214E-41,gene_6737
499239,-1.13079591601791,1.55138552467464E-16,gene_6796
499269,-2.07013943004497,7.75059056636314E-10,gene_6804
442735,-1.60836067901151,3.22614432368873E-41,gene_6837
457480,-1.34472371056649,1.12576623143335E-172,gene_6841
548287,-1.95546352196903,3.40943848319817E-51,gene_6919
90357,-2.12979283190251,3.89439783288913E-71,gene_6954
537457,-5.0052923287363,2.55268279018075E-142,gene_697
499909,-1.32320408527997,2.31240945914614E-143,gene_6988
478299,-1.17588284910684,2.12290943023002E-26,gene_701
499983,-3.41752525013229,0,gene_7019
93088,-1.46631370896874,0,gene_7022
536529,-2.17443462226582,0,gene_7023
93202,-1.88557904612052,8.22175491145536E-135,gene_7024
93554,-1.14954075975473,5.73252513136941E-37,gene_7034
500091,-1.23613890066306,1.4552122115056E-126,gene_7054
500093,-1.48885845838367,7.86723084583174E-31,gene_7056
500140,-1.74705396645436,3.94765392199698E-59,gene_7072
443375,-1.46305753814783,4.06114519487404E-56,gene_7084
443242,-1.13724146495241,6.49971087533428E-24,gene_7120
500591,-1.43930433198998,1.10453158665134E-25,gene_7216
501004,-1.50461158102425,1.21627628335019E-44,gene_7339
106947,-1.55262369866087,4.38498646551997E-55,gene_7345
459901,-1.76594810287325,1.01031594104005E-12,gene_739
513589,-1.88943291716183,2.87062242430319E-64,gene_7412
501250,-1.53884642937888,4.91670540663811E-137,gene_7417
501365,-1.05313799385021,1.91093195591909E-106,gene_7444
543113,-1.63792701463242,1.34242139958237E-19,gene_7455
548703,-1.45772653071106,1.19255855430108E-13,gene_7489
501544,-1.10882963469765,6.22972944059342E-104,gene_7499
548724,-1.22191823621823,2.51877577660966E-15,gene_7514
501686,-1.0031445822425,3.82812856385819E-91,gene_7535
502014,-1.06734761169736,2.73480427797314E-06,gene_7615
502087,-1.89311014170264,9.33910385376025E-152,gene_7641
444079,-2.17053648676755,1.85147432249721E-11,gene_7661
444228,-2.15342382799817,2.07250854298664E-282,gene_7662
502290,-1.39452776538759,9.69519562679468E-11,gene_7665
459963,-1.06458251686604,9.41289354019196E-26,gene_784
458882,-1.03581791516109,0.000995467146304,gene_7918
503626,-1.28608637294958,1.14418066414616E-140,gene_7919
476133,-1.67371927776743,2.40938523679798E-29,gene_87
478925,-1.02416607450992,3.40056058223046E-07,gene_898
478955,-1.67570350952663,2.39105686605889E-30,gene_908
449276,-1.48132931003544,3.95844288878747E-23,gene_928
